{
  "generated_at": "2025-08-22T14:30:28.866183",
  "experiment_name": "consolidated-all-services-0822",
  "k": 4,
  "overall": {
    "claude-4-sonnet": {
      "total_tasks": 125,
      "total_tokens": 0,
      "total_turns": 0,
      "pass@1": 0.2607575460390106,
      "pass@4": 0.4324445897352076,
      "pass^4": 0.12599891031927646,
      "avg@4": {
        "avg": 0.2815954560313828,
        "std": 0.06329614061787824
      }
    },
    "deepseek-chat": {
      "total_tasks": 125,
      "total_tokens": 0,
      "total_turns": 0,
      "pass@1": 0.1946494497112346,
      "pass@4": 0.2982623951182304,
      "pass^4": 0.08518688024408848,
      "avg@4": {
        "avg": 0.17922338454832734,
        "std": 0.04034898841909817
      }
    },
    "gemini-2-5-pro": {
      "total_tasks": 125,
      "total_tokens": 0,
      "total_turns": 0,
      "pass@1": 0.1564088482074752,
      "pass@4": 0.2448237986270023,
      "pass^4": 0.0423859649122807,
      "avg@4": {
        "avg": 0.12511823035850494,
        "std": 0.042641477472825
      }
    },
    "gpt-5": {
      "total_tasks": 125,
      "total_tokens": 0,
      "total_turns": 0,
      "pass@1": 0.4410210308379645,
      "pass@4": 0.6360703933747411,
      "pass^4": 0.243866405143293,
      "avg@4": {
        "avg": 0.463935817805383,
        "std": 0.05911550991577305
      }
    },
    "k2": {
      "total_tasks": 121,
      "total_tokens": 0,
      "total_turns": 0,
      "pass@1": 0.20212814645308924,
      "pass@4": 0.3004979840906614,
      "pass^4": 0.09596491228070175,
      "avg@4": {
        "avg": 0.1738890705023428,
        "std": 0.05958877243953161
      }
    },
    "o3": {
      "total_tasks": 125,
      "total_tokens": 0,
      "total_turns": 0,
      "pass@1": 0.27546147978642255,
      "pass@4": 0.42203465184700883,
      "pass^4": 0.12389364716138171,
      "avg@4": {
        "avg": 0.25112956303802986,
        "std": 0.05757934539851785
      }
    },
    "qwen-3-coder": {
      "total_tasks": 72,
      "total_tokens": 0,
      "total_turns": 0,
      "pass@1": 0.04782608695652174,
      "pass@4": 0.11352657004830917,
      "pass^4": 0.03671497584541063,
      "avg@4": {
        "avg": 0.06956521739130435,
        "std": 0.027782248706962255
      }
    }
  },
  "filesystem": {
    "claude-4-sonnet": {
      "total_tasks": 30,
      "pass@1": 0.23333333333333334,
      "pass@4": 0.5,
      "pass^4": 0.06666666666666667,
      "avg@4": {
        "avg": 0.275,
        "std": 0.03191423692521126
      }
    },
    "deepseek-chat": {
      "total_tasks": 30,
      "pass@1": 0.16666666666666666,
      "pass@4": 0.26666666666666666,
      "pass^4": 0.06666666666666667,
      "avg@4": {
        "avg": 0.15833333333333333,
        "std": 0.016666666666666663
      }
    },
    "gemini-2-5-pro": {
      "total_tasks": 30,
      "pass@1": 0.16666666666666666,
      "pass@4": 0.3,
      "pass^4": 0.06666666666666667,
      "avg@4": {
        "avg": 0.16666666666666666,
        "std": 0.027216552697590872
      }
    },
    "gpt-5": {
      "total_tasks": 30,
      "pass@1": 0.43333333333333335,
      "pass@4": 0.7333333333333333,
      "pass^4": 0.3333333333333333,
      "avg@4": {
        "avg": 0.5416666666666666,
        "std": 0.07876359377087679
      }
    },
    "k2": {
      "total_tasks": 30,
      "pass@1": 0.2,
      "pass@4": 0.3,
      "pass^4": 0.13333333333333333,
      "avg@4": {
        "avg": 0.2,
        "std": 0.027216552697590872
      }
    },
    "o3": {
      "total_tasks": 30,
      "pass@1": 0.36666666666666664,
      "pass@4": 0.5,
      "pass^4": 0.26666666666666666,
      "avg@4": {
        "avg": 0.35833333333333334,
        "std": 0.03191423692521129
      }
    },
    "qwen-3-coder": {
      "total_tasks": 30,
      "pass@1": 0.1,
      "pass@4": 0.16666666666666666,
      "pass^4": 0.06666666666666667,
      "avg@4": {
        "avg": 0.1,
        "std": 0.02721655269759087
      }
    }
  },
  "github": {
    "claude-4-sonnet": {
      "total_tasks": 23,
      "pass@1": 0.17391304347826086,
      "pass@4": 0.2608695652173913,
      "pass^4": 0.043478260869565216,
      "avg@4": {
        "avg": 0.14130434782608695,
        "std": 0.07425326641999709
      }
    },
    "deepseek-chat": {
      "total_tasks": 23,
      "pass@1": 0.08695652173913043,
      "pass@4": 0.13043478260869565,
      "pass^4": 0.043478260869565216,
      "avg@4": {
        "avg": 0.08695652173913043,
        "std": 0.03549985134468374
      }
    },
    "gemini-2-5-pro": {
      "total_tasks": 23,
      "pass@1": 0.08695652173913043,
      "pass@4": 0.13043478260869565,
      "pass^4": 0.0,
      "avg@4": {
        "avg": 0.03260869565217391,
        "std": 0.04162726555462339
      }
    },
    "gpt-5": {
      "total_tasks": 23,
      "pass@1": 0.2608695652173913,
      "pass@4": 0.391304347826087,
      "pass^4": 0.13043478260869565,
      "avg@4": {
        "avg": 0.2608695652173913,
        "std": 0.03549985134468375
      }
    },
    "k2": {
      "total_tasks": 23,
      "pass@1": 0.08695652173913043,
      "pass@4": 0.13043478260869565,
      "pass^4": 0.0,
      "avg@4": {
        "avg": 0.07608695652173914,
        "std": 0.054708945183121374
      }
    },
    "o3": {
      "total_tasks": 23,
      "pass@1": 0.08695652173913043,
      "pass@4": 0.21739130434782608,
      "pass^4": 0.043478260869565216,
      "avg@4": {
        "avg": 0.13043478260869565,
        "std": 0.0502043712338805
      }
    },
    "qwen-3-coder": {
      "total_tasks": 23,
      "pass@1": 0.043478260869565216,
      "pass@4": 0.17391304347826086,
      "pass^4": 0.043478260869565216,
      "avg@4": {
        "avg": 0.10869565217391304,
        "std": 0.05613019342329589
      }
    }
  },
  "notion": {
    "claude-4-sonnet": {
      "total_tasks": 28,
      "pass@1": 0.14285714285714285,
      "pass@4": 0.35714285714285715,
      "pass^4": 0.07142857142857142,
      "avg@4": {
        "avg": 0.20535714285714285,
        "std": 0.04493949068613542
      }
    },
    "deepseek-chat": {
      "total_tasks": 28,
      "pass@1": 0.17857142857142858,
      "pass@4": 0.25,
      "pass^4": 0.0,
      "avg@4": {
        "avg": 0.10714285714285714,
        "std": 0.05050762722761054
      }
    },
    "gemini-2-5-pro": {
      "total_tasks": 28,
      "pass@1": 0.0,
      "pass@4": 0.0,
      "pass^4": 0.0,
      "avg@4": {
        "avg": 0.0,
        "std": 0.0
      }
    },
    "gpt-5": {
      "total_tasks": 28,
      "pass@1": 0.32142857142857145,
      "pass@4": 0.5357142857142857,
      "pass^4": 0.10714285714285714,
      "avg@4": {
        "avg": 0.35714285714285715,
        "std": 0.07142857142857142
      }
    },
    "k2": {
      "total_tasks": 28,
      "pass@1": 0.10714285714285714,
      "pass@4": 0.25,
      "pass^4": 0.03571428571428571,
      "avg@4": {
        "avg": 0.10714285714285714,
        "std": 0.07715167498104596
      }
    },
    "o3": {
      "total_tasks": 28,
      "pass@1": 0.25,
      "pass@4": 0.42857142857142855,
      "pass^4": 0.07142857142857142,
      "avg@4": {
        "avg": 0.23214285714285715,
        "std": 0.03571428571428571
      }
    }
  },
  "playwright": {
    "claude-4-sonnet": {
      "total_tasks": 25,
      "pass@1": 0.28,
      "pass@4": 0.36,
      "pass^4": 0.08,
      "avg@4": {
        "avg": 0.26,
        "std": 0.06928203230275509
      }
    },
    "deepseek-chat": {
      "total_tasks": 25,
      "pass@1": 0.12,
      "pass@4": 0.16,
      "pass^4": 0.0,
      "avg@4": {
        "avg": 0.07,
        "std": 0.03829708431025352
      }
    },
    "gemini-2-5-pro": {
      "total_tasks": 25,
      "pass@1": 0.16,
      "pass@4": 0.32,
      "pass^4": 0.04,
      "avg@4": {
        "avg": 0.15,
        "std": 0.020000000000000004
      }
    },
    "gpt-5": {
      "total_tasks": 25,
      "pass@1": 0.4,
      "pass@4": 0.52,
      "pass^4": 0.28,
      "avg@4": {
        "avg": 0.41000000000000003,